DFS_runtime,mission_time
1.6443006992340088,20.840426291145743
1.9059836864471436,23.525682407291672
0.8905978202819824,24.872790748981302
0.9928038120269775,27.94855886909823
1.1828117370605469,27.78115677723403
1.4634549617767334,27.7765528813038
1.573110818862915,21.87448246668319
1.4989526271820068,24.51460078731537
1.2638330459594727,25.546715097594657
1.0593173503875732,28.49941994426189
