DFS_runtime,mission_time
1.3231525421142578,20.840426291145743
1.3225247859954834,20.840426291145743
