DFS_runtime,mission_time
170.2594084739685,37.18957475973359
