Runtime,waypointN,TSPOut,waypoints,ordered_points,missiontime
0.0009369850158691406,11," 
 0 -> 1 -> 2 -> 0
","[(0, 0), (10, 10), (15, 3)]","[(0, 0), (10, 10), (15, 3), (0, 0)]",4.137485276488526
0.0005114078521728516,12," 
 0 -> 1 -> 3 -> 2 -> 0
","[(0, 0), (10, 10), (15, 3), (20, 12.5)]","[(0, 0), (10, 10), (20, 12.5), (15, 3), (0, 0)]",5.548241350534541
0.0006034374237060547,13," 
 0 -> 1 -> 3 -> 4 -> 2 -> 0
","[(0, 0), (10, 10), (15, 3), (20, 12.5), (30, 2)]","[(0, 0), (10, 10), (20, 12.5), (30, 2), (15, 3), (0, 0)]",7.594692127359304
0.0007755756378173828,14," 
 0 -> 5 -> 2 -> 4 -> 3 -> 1 -> 0
","[(0, 0), (10, 10), (15, 3), (20, 12.5), (30, 2), (10, 5)]","[(0, 0), (10, 5), (15, 3), (30, 2), (20, 12.5), (10, 10), (0, 0)]",7.888203409411481
